{
  "1": {
    "tip_cm": [
      44.11130438926669,
      -14.146931427945777,
      -1.2441339623900913
    ]
  },
  "2": {
    "tip_cm": [
      34.975714209940044,
      -18.266825721188017,
      -1.9945066631652049
    ]
  },
  "3": {
    "tip_cm": [
      28.194649619976097,
      -7.276756847858573,
      -2.936910216265557
    ]
  },
  "4": {
    "tip_cm": [
      20.96522818978532,
      -17.735867058887102,
      -2.8897653321519177
    ]
  },
  "5": {
    "tip_cm": [
      16.679013381129497,
      -2.7181646912618014,
      -3.5178099317057274
    ]
  },
  "6": {
    "tip_cm": [
      25.613761223415505,
      -34.54641543449577,
      3.2528649741281406
    ]
  },
  "7": {
    "tip_cm": [
      25.761351510343793,
      -35.254647869913924,
      15.439841137763766
    ]
  },
  "8": {
    "tip_cm": [
      21.527085662743193,
      -33.35529973202396,
      14.851656988235689
    ]
  },
  "9": {
    "tip_cm": [
      17.341498372676952,
      -30.19495757154645,
      2.6088768491289374
    ]
  },
  "10": {
    "tip_cm": [
      12.999360061639134,
      -27.367271033573083,
      2.7068246197858716
    ]
  }
}