{
  "above_stapler": {
    "tip_cm": [
      15.223721041982168,
      -14.180692791617963,
      6.176021624353657
    ],
    "gripper": 70.0
  },
  "grasp_stapler": {
    "tip_cm": [
      14.924025517451966,
      -14.248297483103514,
      -2.6840371844532402
    ],
    "gripper": 70.0
  },
  "lift": {
    "tip_cm": [
      33.1242874939155,
      -25.081337009566525,
      10.80598653184384
    ],
    "gripper": 0.0
  },
  "above_tissue": {
    "tip_cm": [
      28.458769363917387,
      -5.113335873180186,
      1.2691757771251397
    ],
    "gripper": 0.0
  },
  "place_tissue": {
    "tip_cm": [
      26.25939410172306,
      -4.810232725945298,
      -0.8434546124831046
    ],
    "gripper": 70.0
  }
}