{
  "1": {
    "tip_cm": [
      23.74939840723337,
      -24.355203459733183,
      14.661667768902747
    ]
  },
  "2": {
    "tip_cm": [
      31.745888367356763,
      -22.840972947293835,
      4.387336664098157
    ]
  },
  "3": {
    "tip_cm": [
      20.585309100204668,
      -17.09229351642986,
      3.4625597115252553
    ]
  },
  "4": {
    "tip_cm": [
      13.282899595189827,
      -8.177240366805666,
      0.6861019017347376
    ]
  },
  "5": {
    "tip_cm": [
      12.731929844354772,
      -3.918710043230731,
      0.745924014874896
    ]
  },
  "6": {
    "tip_cm": [
      36.37376820607102,
      -9.909119137765366,
      -3.2578856327563743
    ]
  },
  "7": {
    "tip_cm": [
      3.643781984053207,
      -0.560924679337734,
      39.46553884673713
    ]
  },
  "8": {
    "tip_cm": [
      3.643781984053207,
      -0.560924679337734,
      39.46553884673713
    ]
  },
  "9": {
    "tip_cm": [
      3.643781984053207,
      -0.560924679337734,
      39.46553884673713
    ]
  },
  "10": {
    "tip_cm": [
      3.643781984053207,
      -0.560924679337734,
      39.46553884673713
    ]
  }
}